<?xml version="1.0" encoding="UTF-8"?>
<project-private xmlns="http://www.netbeans.org/ns/project-private/1">
    <editor-bookmarks xmlns="http://www.netbeans.org/ns/editor-bookmarks/2" lastBookmarkId="0"/>
    <open-files xmlns="http://www.netbeans.org/ns/projectui-open-files/2">
        <group>
            <file>file:/C:/Users/JOHN%20NK/Documents/NetBeansProjects/Taxi%20Booking%20with%20DataBase/web/booking.jsp</file>
            <file>file:/C:/Users/JOHN%20NK/Documents/NetBeansProjects/Taxi%20Booking%20with%20DataBase/src/java/Taxi/RestWindow.java</file>
            <file>file:/C:/Users/JOHN%20NK/Documents/NetBeansProjects/Taxi%20Booking%20with%20DataBase/src/java/Taxi/StatusHandling.java</file>
            <file>file:/C:/Users/JOHN%20NK/Documents/NetBeansProjects/Taxi%20Booking%20with%20DataBase/src/java/Taxi/BookingProcess.java</file>
        </group>
    </open-files>
</project-private>
